YearMonth,monthly_return,picks,cumulative_return,model_name,evaluation_name
2019-12-31,-0.04553237885502024,5,-0.04553237885502026,Logistic Regression,standard
2020-01-31,-0.09856318585943342,5,-0.1396077483947442,Logistic Regression,standard
2020-02-29,-0.24769111979114208,5,-0.3527192686544721,Logistic Regression,standard
2020-03-31,0.26676477449044345,5,-0.18004757032507301,Logistic Regression,standard
2020-04-30,0.15895119060694934,6,-0.04971515538718241,Logistic Regression,standard
2020-05-31,0.017693886815191275,4,-0.0329009229044116,Logistic Regression,standard
2020-06-30,0.02300584923954526,5,-0.010651987337047086,Logistic Regression,standard
2020-07-31,0.11136199595755834,3,0.09952378204974299,Logistic Regression,standard
2020-08-31,-0.010496021893952217,6,0.08798315636042764,Logistic Regression,standard
2020-09-30,-0.036575044723641106,5,0.04819012375797671,Logistic Regression,standard
2020-10-31,0.18321950746982918,5,0.24023900196765235,Logistic Regression,standard
2020-11-30,0.03144126431813065,4,0.2792336842461718,Logistic Regression,standard
2020-12-31,0.021126473679224073,4,0.3062593810059753,Logistic Regression,standard
2021-01-31,0.0659545038853273,6,0.3924130704257791,Logistic Regression,standard
2021-02-28,0.0181968010717246,4,0.41775053407798635,Logistic Regression,standard
2021-03-31,0.014524219518078875,4,0.4383422540568085,Logistic Regression,standard
2021-04-30,0.03370815645944224,5,0.486826119798782,Logistic Regression,standard
2021-05-31,-0.017681225431857,4,0.46053721199664643,Logistic Regression,standard
2021-06-30,0.04835005666247607,3,0.5311542689543391,Logistic Regression,standard
2021-07-31,0.05122497285542645,6,0.6095876048189954,Logistic Regression,standard
2021-08-31,-0.08594581856844312,4,0.47125028056520724,Logistic Regression,standard
2021-09-30,0.1001690127405429,3,0.618623968663671,Logistic Regression,standard
2021-10-31,0.007159411351403777,5,0.6302123634785759,Logistic Regression,standard
2021-11-30,0.075271696812227,4,0.7529212142418791,Logistic Regression,standard
2021-12-31,-0.04158164658455814,5,0.6800318638206988,Logistic Regression,standard
2022-01-31,-0.043328010289517827,4,0.6072394259383578,Logistic Regression,standard
2022-02-28,0.08378188946696181,5,0.7418969818692682,Logistic Regression,standard
2022-03-31,-0.11078336553046272,5,0.5489237718104352,Logistic Regression,standard
2022-04-30,-0.008190088492398481,5,0.536237949051328,Logistic Regression,standard
2022-05-31,-0.07783109785648784,5,0.4166708629078639,Logistic Regression,standard
2022-06-30,0.09751767105959314,5,0.554821306116623,Logistic Regression,standard
2022-07-31,-0.041395043802664996,5,0.49045941004460847,Logistic Regression,standard
2022-08-31,-0.08093406638550613,4,0.3698304692071559,Logistic Regression,standard
2022-09-30,0.032393238855328264,3,0.41420371478748974,Logistic Regression,standard
2022-10-31,0.05798389696629388,5,0.4962047572750774,Logistic Regression,standard
2022-11-30,-0.05376190384170275,4,0.4157659409869565,Logistic Regression,standard
2022-12-31,0.07699047115568948,4,0.5247664278297204,Logistic Regression,standard
2023-01-31,-0.045763476300840315,5,0.4549878155454181,Logistic Regression,standard
2023-02-28,-0.013923753266408025,4,0.4347289241961336,Logistic Regression,standard
2023-03-31,0.028437716000736402,5,0.47552933788046525,Logistic Regression,standard
2023-04-30,0.09472705453401557,5,0.6153018859364079,Logistic Regression,standard
2023-05-31,0.0815513940006149,5,0.7470320064663443,Logistic Regression,standard
2023-06-30,0.10904244721070075,4,0.9375326518068552,Logistic Regression,standard
2023-07-31,0.007491153280540838,5,0.9520470058875932,Logistic Regression,standard
2023-08-31,-0.01960070429703233,4,0.9137855097512833,Logistic Regression,standard
2023-09-30,-0.04937829213827822,5,0.8192860497607806,Logistic Regression,standard
2023-10-31,0.15229794886826728,5,1.0963595835439999,Logistic Regression,standard
2023-11-30,0.06908008271113603,4,1.241176276967502,Logistic Regression,standard
2023-12-31,-0.005175907148083668,3,1.2295761566554306,Logistic Regression,standard
2024-01-31,0.08341287426013459,6,1.415551512263924,Logistic Regression,standard
2024-02-29,0.06643118810761477,6,1.5760194691587621,Logistic Regression,standard
2024-03-31,-0.10061232764022468,5,1.3168401543201633,Logistic Regression,standard
2024-04-30,0.06097239586072908,5,1.4581034493554053,Logistic Regression,standard
2024-05-31,0.024428149993313372,4,1.5181503691153404,Logistic Regression,standard
2024-06-30,-0.09344845276751243,4,1.2828331132855713,Logistic Regression,standard
2024-07-31,0.033571519956251,4,1.3594712907050281,Logistic Regression,standard
2024-08-31,0.04786709959751718,4,1.472412337974688,Logistic Regression,standard
2024-09-30,0.016090049768424066,6,1.5121935755407665,Logistic Regression,standard
2024-10-31,0.047144624972473174,5,1.6306299995178923,Logistic Regression,standard
2024-11-30,-0.016659829656215763,5,1.5868041518373937,Logistic Regression,standard
2024-12-31,0.04335600298464346,5,1.6989576403651436,Logistic Regression,standard
2025-01-31,-0.03276268994083775,4,1.6105325280304053,Logistic Regression,standard
2025-02-28,-0.05835418873792253,4,1.458197020183233,Logistic Regression,standard
2025-03-31,0.05173241931126912,4,1.5853654991810644,Logistic Regression,standard
2025-04-30,0.10022762475669282,5,1.8444905422918842,Logistic Regression,standard
2025-05-31,0.15450316165549913,4,2.2839733243751454,Logistic Regression,standard
2025-06-30,0.11394207067918057,5,2.6581560450096418,Logistic Regression,standard
2025-07-31,0.10034002132681086,4,3.0252155005827115,Logistic Regression,standard
2025-08-31,0.036014592251698146,4,3.1701819955614123,Logistic Regression,standard
2025-09-30,0.021116171853778398,6,3.25824027524122,Logistic Regression,standard
2025-10-31,-0.07941065310662701,4,2.9200906338993717,Logistic Regression,standard
2025-11-30,0.008515483337379866,3,2.953472100373361,Logistic Regression,standard
2019-12-31,-0.04553237885502024,5,-0.04553237885502026,L1 Logistic Regression,standard
2020-01-31,-0.09856318585943342,5,-0.1396077483947442,L1 Logistic Regression,standard
2020-02-29,-0.24769111979114208,5,-0.3527192686544721,L1 Logistic Regression,standard
2020-03-31,0.26676477449044345,5,-0.18004757032507301,L1 Logistic Regression,standard
2020-04-30,0.15895119060694934,6,-0.04971515538718241,L1 Logistic Regression,standard
2020-05-31,0.017693886815191275,4,-0.0329009229044116,L1 Logistic Regression,standard
2020-06-30,0.012132128531301883,5,-0.021167952598584505,L1 Logistic Regression,standard
2020-07-31,0.11136199595755834,3,0.08783673790726043,L1 Logistic Regression,standard
2020-08-31,-0.010496021893952217,6,0.07641877968914024,L1 Logistic Regression,standard
2020-09-30,-0.036575044723641106,5,0.037048714680642636,L1 Logistic Regression,standard
2020-10-31,0.18321950746982918,5,0.22705626940664936,L1 Logistic Regression,standard
2020-11-30,0.03144126431813065,4,0.265636469906283,L1 Logistic Regression,standard
2020-12-31,0.021126473679224073,4,0.29237490547522405,L1 Logistic Regression,standard
2021-01-31,0.0659545038853273,6,0.37761285119968924,L1 Logistic Regression,standard
2021-02-28,-0.0057459425257937995,4,0.36969716693390087,L1 Logistic Regression,standard
2021-03-31,0.014524219518078875,4,0.3895909492597396,L1 Logistic Regression,standard
2021-04-30,0.03370815645944224,5,0.4364314983920117,L1 Logistic Regression,standard
2021-05-31,-0.017681225431857,4,0.4110336292515224,L1 Logistic Regression,standard
2021-06-30,0.014769759006537833,3,0.43187425590568784,L1 Logistic Regression,standard
2021-07-31,0.05122497285542645,6,0.5052219757968406,L1 Logistic Regression,standard
2021-08-31,-0.08594581856844312,4,0.37585444095977194,L1 Logistic Regression,standard
2021-09-30,0.1001690127405429,3,0.5136724219854041,L1 Logistic Regression,standard
2021-10-31,0.007159411351403777,5,0.5245094255056733,L1 Logistic Regression,standard
2021-11-30,0.075271696812227,4,0.6392618367697185,L1 Logistic Regression,standard
2021-12-31,-0.04158164658455814,5,0.5710986304136065,L1 Logistic Regression,standard
2022-01-31,-0.043328010289517827,4,0.5030260527891983,L1 Logistic Regression,standard
2022-02-28,0.08378188946696181,5,0.6289524154099468,L1 Logistic Regression,standard
2022-03-31,-0.11078336553046272,5,0.44849158454185645,L1 Logistic Regression,standard
2022-04-30,-0.008190088492398481,5,0.4366283102839643,L1 Logistic Regression,standard
2022-05-31,-0.07783109785648784,5,0.3248139516828523,L1 Logistic Regression,standard
2022-06-30,0.09751767105959314,5,0.4540067228382203,L1 Logistic Regression,standard
2022-07-31,-0.041395043802664996,5,0.39381805085696286,L1 Logistic Regression,standard
2022-08-31,-0.12970613108610066,4,0.2130313040423364,L1 Logistic Regression,standard
2022-09-30,0.08112491954546787,3,0.31143837098890503,L1 Logistic Regression,standard
2022-10-31,0.05798389696629388,5,0.3874806783699698,L1 Logistic Regression,standard
2022-11-30,-0.05376190384170275,4,0.31288707555722306,L1 Logistic Regression,standard
2022-12-31,0.07699047115568948,4,0.413966870078589,L1 Logistic Regression,standard
2023-01-31,-0.045763476300840315,5,0.3492588307295741,L1 Logistic Regression,standard
2023-02-28,0.028735751192634128,4,0.3880307967838834,L1 Logistic Regression,standard
2023-03-31,0.028437716000736402,5,0.42750322238309924,L1 Logistic Regression,standard
2023-04-30,0.09472705453401557,5,0.5627263979772659,L1 Logistic Regression,standard
2023-05-31,0.0815513940006149,5,0.6901689141738716,L1 Logistic Regression,standard
2023-06-30,0.10904244721070075,4,0.8744690687748435,L1 Logistic Regression,standard
2023-07-31,0.007491153280540838,5,0.8885110038886685,L1 Logistic Regression,standard
2023-08-31,-0.01960070429703233,4,0.8514948581397552,L1 Logistic Regression,standard
2023-09-30,-0.04937829213827822,5,0.7600712041420103,L1 Logistic Regression,standard
2023-10-31,0.15229794886826728,5,1.0281264383949398,L1 Logistic Regression,standard
2023-11-30,0.06908008271113603,4,1.1682295805079037,L1 Logistic Regression,standard
2023-12-31,-0.005175907148083668,3,1.1570070255234661,L1 Logistic Regression,standard
2024-01-31,0.08341287426013459,6,1.3369291813216817,L1 Logistic Regression,standard
2024-02-29,0.06643118810761477,6,1.4921741633602363,L1 Logistic Regression,standard
2024-03-31,-0.10061232764022468,5,1.2414307198997334,L1 Logistic Regression,standard
2024-04-30,0.06097239586072908,5,1.378096121047859,L1 Logistic Regression,standard
2024-05-31,-0.00013867250944277557,4,1.3777663444910573,L1 Logistic Regression,standard
2024-06-30,-0.09344845276751243,4,1.155567758555704,L1 Logistic Regression,standard
2024-07-31,0.033571519956251,4,1.227933444579108,L1 Logistic Regression,standard
2024-08-31,0.04786709959751718,4,1.3345781566674155,L1 Logistic Regression,standard
2024-09-30,0.016090049768424066,6,1.3721416353964697,L1 Logistic Regression,standard
2024-10-31,0.047144624972473174,5,1.4839753631788253,L1 Logistic Regression,standard
2024-11-30,-0.016659829656215763,5,1.4425927567580294,L1 Logistic Regression,standard
2024-12-31,0.04335600298464346,5,1.548493815610299,L1 Logistic Regression,standard
2025-01-31,-0.03276268994083775,4,1.4649983029133162,L1 Logistic Regression,standard
2025-02-28,-0.05835418873792253,4,1.321155326706454,L1 Logistic Regression,standard
2025-03-31,0.05173241931126912,4,1.4412343073542182,L1 Logistic Regression,standard
2025-04-30,0.10022762475669282,5,1.685913423454882,L1 Logistic Regression,standard
2025-05-31,0.15450316165549913,4,2.1008955393116064,L1 Logistic Regression,standard
2025-06-30,0.10156663190247525,5,2.415843055120896,L1 Logistic Regression,standard
2025-07-31,0.10034002132681086,4,2.7585888201207656,L1 Logistic Regression,standard
2025-08-31,0.036014592251698146,4,2.893952863919206,L1 Logistic Regression,standard
2025-09-30,0.021116171853778398,6,2.9761782417842366,L1 Logistic Regression,standard
2025-10-31,-0.07941065310662701,4,2.6604273307357906,L1 Logistic Regression,standard
2025-11-30,0.008515483337379866,3,2.6915976386783615,L1 Logistic Regression,standard
2024-01-31,0.0827003840072733,21,0.08270038400727331,Random Forest,standard
2024-02-29,0.030495700001191575,21,0.11571809010913414,Random Forest,standard
2024-03-31,-0.05191162200269816,21,0.057799354353816446,Random Forest,standard
2024-04-30,0.05940430742896635,21,0.12063719239801252,Random Forest,standard
2024-05-31,0.04896805728220807,21,0.17551261862793122,Random Forest,standard
2024-06-30,-0.004709749297114239,21,0.1699762488985994,Random Forest,standard
2024-07-31,0.06380713163873962,21,0.24462907742627116,Random Forest,standard
2024-08-31,0.0580723409931461,21,0.3169076016205543,Random Forest,standard
2024-09-30,-0.007330906251934747,21,0.30725347545061377,Random Forest,standard
2024-10-31,0.08485337026058215,21,0.41817833862745735,Random Forest,standard
2024-11-30,-0.03493753286329967,21,0.3686306863156408,Random Forest,standard
2024-12-31,0.04227038777964809,21,0.42648323615332906,Random Forest,standard
2025-01-31,0.015402718443414625,21,0.4484549558040498,Random Forest,standard
2025-02-28,-0.029626887533230024,21,0.40554174373149343,Random Forest,standard
2025-03-31,-0.03828411197635194,21,0.3517318262270399,Random Forest,standard
2025-04-30,0.04766534792313902,21,0.4161625940229319,Random Forest,standard
2025-05-31,0.08801255960008067,21,0.5408026887327801,Random Forest,standard
2025-06-30,0.006513903361463268,21,0.550839328546268,Random Forest,standard
2025-07-31,0.044086119275362864,21,0.6192098161614823,Random Forest,standard
2025-08-31,0.0774136198885561,21,0.744558709389626,Random Forest,standard
2025-09-30,0.0622430887400881,21,0.8531454319504579,Random Forest,standard
2025-10-31,-0.007029970405781409,21,0.840117874406237,Random Forest,standard
2025-11-30,0.03369881721211697,21,0.9021276703046017,Random Forest,standard
2024-01-31,0.05534595966174704,21,0.055345959661746935,XGBoost,standard
2024-02-29,0.025632221423033702,21,0.08239682097770085,XGBoost,standard
2024-03-31,-0.04888238982015939,21,0.029486677634567693,XGBoost,standard
2024-04-30,0.05253190456885599,21,0.08356757353897537,XGBoost,standard
2024-05-31,0.01350229715353551,21,0.09819822490283392,XGBoost,standard
2024-06-30,-0.0014195336822715344,21,0.0966392955327735,XGBoost,standard
2024-07-31,0.042373184823558896,21,0.14310739508716108,XGBoost,standard
2024-08-31,0.05911986844874749,21,0.2106877539075045,XGBoost,standard
2024-09-30,0.01104538182915853,21,0.2240602624252992,XGBoost,standard
2024-10-31,0.05536768616707944,21,0.29183364688485613,XGBoost,standard
2024-11-30,-0.02336747419563844,21,0.2616467574762167,XGBoost,standard
2024-12-31,0.02823492617004399,21,0.29726926052623326,XGBoost,standard
2025-01-31,0.013985502557772452,21,0.3154122230874423,XGBoost,standard
2025-02-28,-0.03961640679048082,21,0.2633003173604396,XGBoost,standard
2025-03-31,-0.023115236227402282,21,0.2340988320985007,XGBoost,standard
2025-04-30,0.023570394249933894,21,0.2631870281144453,XGBoost,standard
2025-05-31,0.04232065923070612,21,0.31664593587592504,XGBoost,standard
2025-06-30,-0.014557711399685933,21,0.2974785843258738,XGBoost,standard
2025-07-31,0.04845217306902893,21,0.3603442412469895,XGBoost,standard
2025-08-31,0.07089844811303102,21,0.45679053685089976,XGBoost,standard
2025-09-30,0.041065277796181104,21,0.5166140449375298,XGBoost,standard
2025-10-31,0.011896011209489646,21,0.5346557026165761,XGBoost,standard
2025-11-30,0.032513950072421305,21,0.5845534215098083,XGBoost,standard
2021-12-31,-0.06263013940851091,21,-0.06263013940851092,Logistic Regression,walk_forward
2022-01-31,-0.030967187253192727,21,-0.09165784740694671,Logistic Regression,walk_forward
2022-02-28,0.05384812416305664,21,-0.04274532639157791,Logistic Regression,walk_forward
2022-03-31,-0.1033678922140583,21,-0.14169472431453678,Logistic Regression,walk_forward
2022-04-30,0.026114688598196142,21,-0.11928034931782194,Logistic Regression,walk_forward
2022-05-31,-0.09111217288758576,21,-0.19952463039627066,Logistic Regression,walk_forward
2022-06-30,0.07172165324803095,21,-0.14211321350396255,Logistic Regression,walk_forward
2022-07-31,-0.0362860615495234,21,-0.17324254624128066,Logistic Regression,walk_forward
2022-08-31,-0.07766085053973096,21,-0.23744923329024503,Logistic Regression,walk_forward
2022-09-30,0.11177377202469034,21,-0.1522160577347761,Logistic Regression,walk_forward
2022-10-31,0.07703451383397183,21,-0.08690743390612654,Logistic Regression,walk_forward
2022-11-30,-0.05754234571467499,21,-0.13944892201379988,Logistic Regression,walk_forward
2022-12-31,0.06599853510899399,21,-0.08265381148024498,Logistic Regression,walk_forward
2023-01-31,-0.03590487121691014,21,-0.11559100824037016,Logistic Regression,walk_forward
2023-02-28,-0.009121128804049614,21,-0.12365781656966934,Logistic Regression,walk_forward
2023-03-31,-0.01625099934569988,21,-0.1378992528192048,Logistic Regression,walk_forward
2023-04-30,0.08790399918148666,21,-0.062117149444665065,Logistic Regression,walk_forward
2023-05-31,0.07248160555839571,21,0.0058621053892704555,Logistic Regression,walk_forward
2023-06-30,0.06165407069488891,21,0.06787759874425037,Logistic Regression,walk_forward
2023-07-31,-0.015045801989142975,21,0.05181052384490292,Logistic Regression,walk_forward
2023-08-31,-0.04718796002657861,21,0.0021777308901749226,Logistic Regression,walk_forward
2023-09-30,-0.017464569111729535,21,-0.015324871353192826,Logistic Regression,walk_forward
2023-10-31,0.11492473963405982,21,0.09783866143067588,Logistic Regression,walk_forward
2023-11-30,0.07118606505686034,21,0.1759894758052165,Logistic Regression,walk_forward
2023-12-31,-0.0009041319577809189,21,0.17492622613812703,Logistic Regression,walk_forward
2024-01-31,0.0704501102777501,21,0.2576999083377789,Logistic Regression,walk_forward
2024-02-29,0.026727243418841806,21,0.2913147599357775,Logistic Regression,walk_forward
2024-03-31,-0.06550479274144497,21,0.20672745422221572,Logistic Regression,walk_forward
2024-04-30,0.054756570376832424,21,0.27280371099499034,Logistic Regression,walk_forward
2024-05-31,0.05529827693030157,21,0.34318756308350684,Logistic Regression,walk_forward
2024-06-30,-0.025654181255014025,21,0.308729185880682,Logistic Regression,walk_forward
2024-07-31,0.058245626163312775,21,0.384956936790505,Logistic Regression,walk_forward
2024-08-31,0.08876947973352976,21,0.5078988435227412,Logistic Regression,walk_forward
2024-09-30,0.0008701058055472909,21,0.5092108750606685,Logistic Regression,walk_forward
2024-10-31,0.0722528322196535,21,0.6182556352005033,Logistic Regression,walk_forward
2024-11-30,-0.04307056895768394,21,0.5485564442734394,Logistic Regression,walk_forward
2024-12-31,0.05436126687996255,21,0.6327379344192736,Logistic Regression,walk_forward
2025-01-31,0.010997043703735514,21,0.650693224840829,Logistic Regression,walk_forward
2025-02-28,-0.04867748348493807,21,0.5703416326499404,Logistic Regression,walk_forward
2025-03-31,-0.0008610623646972996,21,0.5689894705703482,Logistic Regression,walk_forward
2025-04-30,0.09810409255352391,21,0.7229137588066861,Logistic Regression,walk_forward
2025-05-31,0.08765837741985731,21,0.8739415833380277,Logistic Regression,walk_forward
2025-06-30,0.024672627773595288,21,0.9201766464931889,Logistic Regression,walk_forward
2025-07-31,0.05234848923044834,21,1.0206949929926963,Logistic Regression,walk_forward
2025-08-31,0.12485675354400479,21,1.27299240972039,Logistic Regression,walk_forward
2025-09-30,0.07253514186635773,21,1.4378642366206127,Logistic Regression,walk_forward
2025-10-31,-0.020520445925391033,21,1.3878381753795948,Logistic Regression,walk_forward
2025-11-30,0.03680327929578496,21,1.475718450661227,Logistic Regression,walk_forward
2021-12-31,-0.062314880263776996,21,-0.06231488026377696,L1 Logistic Regression,walk_forward
2022-01-31,-0.025182235174288324,21,-0.08592788746840518,L1 Logistic Regression,walk_forward
2022-02-28,0.04461619727978941,21,-0.0451454657677417,L1 Logistic Regression,walk_forward
2022-03-31,-0.1033678922140583,21,-0.1438467663423666,L1 Logistic Regression,walk_forward
2022-04-30,0.008949987442323084,21,-0.1361842056524264,L1 Logistic Regression,walk_forward
2022-05-31,-0.0828908352824539,21,-0.20778661837607315,L1 Logistic Regression,walk_forward
2022-06-30,0.06388026466112526,21,-0.1571798178898517,L1 Logistic Regression,walk_forward
2022-07-31,-0.0362860615495234,21,-0.18776244289308108,L1 Logistic Regression,walk_forward
2022-08-31,-0.07829412846256513,21,-0.25135587453133024,L1 Logistic Regression,walk_forward
2022-09-30,0.1131452783866878,21,-0.16665032654261924,L1 Logistic Regression,walk_forward
2022-10-31,0.07383348169203975,21,-0.10512121868433633,L1 Logistic Regression,walk_forward
2022-11-30,-0.05412516500323662,21,-0.15355668038094195,L1 Logistic Regression,walk_forward
2022-12-31,0.06599853510899399,21,-0.09769266123329012,L1 Logistic Regression,walk_forward
2023-01-31,-0.03484439482973634,21,-0.12913301440304603,L1 Logistic Regression,walk_forward
2023-02-28,-0.009121128804049614,21,-0.13707630434987028,L1 Logistic Regression,walk_forward
2023-03-31,-0.01625099934569988,21,-0.1510996767632694,L1 Logistic Regression,walk_forward
2023-04-30,0.08790399918148666,21,-0.07647794344430403,L1 Logistic Regression,walk_forward
2023-05-31,0.07248160555839571,21,-0.009539582016555692,L1 Logistic Regression,walk_forward
2023-06-30,0.06165407069488891,21,0.05152633461428491,L1 Logistic Regression,walk_forward
2023-07-31,-0.014131450159401033,21,0.036666742625385496,L1 Logistic Regression,walk_forward
2023-08-31,-0.04718796002657861,21,-0.012251446186504755,L1 Logistic Regression,walk_forward
2023-09-30,-0.017464569111729535,21,-0.02950204906959142,L1 Logistic Regression,walk_forward
2023-10-31,0.11570655428207982,21,0.0827909247703853,L1 Logistic Regression,walk_forward
2023-11-30,0.07104146709645748,21,0.15971398062480335,L1 Logistic Regression,walk_forward
2023-12-31,0.0012926667574500936,21,0.161213104335707,L1 Logistic Regression,walk_forward
2024-01-31,0.07323927057879857,21,0.24625950508379657,L1 Logistic Regression,walk_forward
2024-02-29,0.026727243418841806,21,0.2795685862392163,L1 Logistic Regression,walk_forward
2024-03-31,-0.06550479274144497,21,0.19575071119915277,L1 Logistic Regression,walk_forward
2024-04-30,0.05334543853582577,21,0.2595385572675972,L1 Logistic Regression,walk_forward
2024-05-31,0.0635873141973333,21,0.33962923125222777,L1 Logistic Regression,walk_forward
2024-06-30,-0.025654181255014025,21,0.30526214013916797,L1 Logistic Regression,walk_forward
2024-07-31,0.058245626163312775,21,0.3812879507988396,L1 Logistic Regression,walk_forward
2024-08-31,0.08876947973352976,21,0.5039041635534458,L1 Logistic Regression,walk_forward
2024-09-30,0.0008701058055472909,21,0.5052127192971405,L1 Logistic Regression,walk_forward
2024-10-31,0.06696586563509167,21,0.606010592009824,L1 Logistic Regression,walk_forward
2024-11-30,-0.04307056895768394,21,0.5368388020598942,L1 Logistic Regression,walk_forward
2024-12-31,0.06168877455151115,21,0.6316445044421815,L1 Logistic Regression,walk_forward
2025-01-31,0.010997043703735514,21,0.6495877703664918,L1 Logistic Regression,walk_forward
2025-02-28,-0.04316092614175383,21,0.5783900344453634,L1 Logistic Regression,walk_forward
2025-03-31,-0.0008610623646972996,21,0.5770309421898892,L1 Logistic Regression,walk_forward
2025-04-30,0.102502170892358,21,0.7386800373287734,L1 Logistic Regression,walk_forward
2025-05-31,0.09021364890405335,21,0.8955327077728377,L1 Logistic Regression,walk_forward
2025-06-30,0.03554553766559056,21,0.9629104370333361,L1 Logistic Regression,walk_forward
2025-07-31,0.04725972472465931,21,1.0556770439466923,L1 Logistic Regression,walk_forward
2025-08-31,0.12485675354400479,21,1.3123422059888128,L1 Logistic Regression,walk_forward
2025-09-30,0.07253514186635773,21,1.4800682759437782,L1 Logistic Regression,walk_forward
2025-10-31,-0.020520445925391033,21,1.4291761689959963,L1 Logistic Regression,walk_forward
2025-11-30,0.03680327929578496,21,1.5185778180022207,L1 Logistic Regression,walk_forward
2021-12-31,-0.07079150097332897,21,-0.07079150097332898,Random Forest,walk_forward
2022-01-31,-0.03669059992764577,21,-0.10488471826048484,Random Forest,walk_forward
2022-02-28,0.03620816789607004,21,-0.07247423385292251,Random Forest,walk_forward
2022-03-31,-0.11193902840822505,21,-0.17630056693902085,Random Forest,walk_forward
2022-04-30,0.02034740455204881,21,-0.15954042134523583,Random Forest,walk_forward
2022-05-31,-0.08406989783781212,21,-0.2301977722595525,Random Forest,walk_forward
2022-06-30,0.06686871006929851,21,-0.17872209028207653,Random Forest,walk_forward
2022-07-31,-0.025393514003187616,21,-0.19957722238300724,Random Forest,walk_forward
2022-08-31,-0.10060275243754202,21,-0.2801019569249793,Random Forest,walk_forward
2022-09-30,0.06516177714170161,21,-0.23319212107737763,Random Forest,walk_forward
2022-10-31,0.050565665576650896,21,-0.19441797031023533,Random Forest,walk_forward
2022-11-30,-0.032017911672300746,21,-0.220211024581635,Random Forest,walk_forward
2022-12-31,0.09127257682510587,21,-0.1490376754153916,Random Forest,walk_forward
2023-01-31,-0.026532963263210238,21,-0.17161622751197092,Random Forest,walk_forward
2023-02-28,0.06852777674299006,21,-0.1148489292933953,Random Forest,walk_forward
2023-03-31,0.004072586485440167,21,-0.11124407500526279,Random Forest,walk_forward
2023-04-30,0.08184826888553262,21,-0.038500941082683204,Random Forest,walk_forward
2023-05-31,0.06330978776320526,21,0.02237136027189357,Random Forest,walk_forward
2023-06-30,0.03975295158667739,21,0.06301363946038774,Random Forest,walk_forward
2023-07-31,-0.029864568609233415,21,0.03126719569217218,Random Forest,walk_forward
2023-08-31,-0.03703433217833515,21,-0.006925096197711866,Random Forest,walk_forward
2023-09-30,-0.01627849085009462,21,-0.023090856932715953,Random Forest,walk_forward
2023-10-31,0.08473369352169076,21,0.05968626299448476,Random Forest,walk_forward
2023-11-30,0.07832602747836759,21,0.14268727834823958,Random Forest,walk_forward
2023-12-31,-0.01207251877363588,21,0.12889216472798548,Random Forest,walk_forward
2024-01-31,0.07788016247045315,21,0.2168104699286224,Random Forest,walk_forward
2024-02-29,0.03300488098568337,21,0.25697115467075005,Random Forest,walk_forward
2024-03-31,-0.06809745565188884,21,0.17137461720985514,Random Forest,walk_forward
2024-04-30,0.06487883708006559,21,0.2473720401595374,Random Forest,walk_forward
2024-05-31,0.03218421850945844,21,0.28751773446262097,Random Forest,walk_forward
2024-06-30,0.009586865902121594,21,0.2998609943295176,Random Forest,walk_forward
2024-07-31,0.0510978666566494,21,0.36628111808994723,Random Forest,walk_forward
2024-08-31,0.0736598231889118,21,0.46692114367480153,Random Forest,walk_forward
2024-09-30,-0.002624139358632604,21,0.46307173816567415,Random Forest,walk_forward
2024-10-31,0.10084437883436011,21,0.610614298791099,Random Forest,walk_forward
2024-11-30,-0.028806840637755092,21,0.5642175893569341,Random Forest,walk_forward
2024-12-31,0.05060720336281561,21,0.6433782670052135,Random Forest,walk_forward
2025-01-31,0.0027227376224307097,21,0.6478527548406738,Random Forest,walk_forward
2025-02-28,-0.020624245928163514,21,0.6138670343714381,Random Forest,walk_forward
2025-03-31,-0.017801470058234764,21,0.5851378286811029,Random Forest,walk_forward
2025-04-30,0.059237686988116364,21,0.6790377272095365,Random Forest,walk_forward
2025-05-31,0.0695087584468435,21,0.7957455550132813,Random Forest,walk_forward
2025-06-30,0.0002002625727630288,21,0.7961051756381561,Random Forest,walk_forward
2025-07-31,0.04853400394401668,21,0.8832773513164471,Random Forest,walk_forward
2025-08-31,0.11516808535578,21,1.100170798061467,Random Forest,walk_forward
2025-09-30,0.08451187715320466,21,1.2776601745479859,Random Forest,walk_forward
2025-10-31,-0.014859058416338304,21,1.2438162889618103,Random Forest,walk_forward
2025-11-30,0.03313497296660585,21,1.31816508103859,Random Forest,walk_forward
2021-12-31,-0.056781473267059596,21,-0.05678147326705962,XGBoost,walk_forward
2022-01-31,-0.04328684152641431,21,-0.09761042415852639,XGBoost,walk_forward
2022-02-28,0.050601400629885246,21,-0.051948247707139794,XGBoost,walk_forward
2022-03-31,-0.08524218715887522,21,-0.1327622526123874,XGBoost,walk_forward
2022-04-30,0.010940612910863866,21,-0.12327414011653004,XGBoost,walk_forward
2022-05-31,-0.06517785401214157,21,-0.1804172502206841,XGBoost,walk_forward
2022-06-30,0.06721416760004002,21,-0.12532967791491556,XGBoost,walk_forward
2022-07-31,-0.04301952774660719,21,-0.16295758210498867,XGBoost,walk_forward
2022-08-31,-0.11471543574259169,21,-0.2589792678088474,XGBoost,walk_forward
2022-09-30,0.08202586436575968,21,-0.19819640173791997,XGBoost,walk_forward
2022-10-31,0.045943251213240166,21,-0.1613589375992852,XGBoost,walk_forward
2022-11-30,-0.037006836470965795,21,-0.19239439025338545,XGBoost,walk_forward
2022-12-31,0.08415108367953572,21,-0.12443350300753575,XGBoost,walk_forward
2023-01-31,-0.03608690185037483,21,-0.1560299852479794,XGBoost,walk_forward
2023-02-28,0.04913138335601866,21,-0.11456457091221306,XGBoost,walk_forward
2023-03-31,0.006566464203844473,21,-0.10875039086229232,XGBoost,walk_forward
2023-04-30,0.01666851133678279,21,-0.09389458664847716,XGBoost,walk_forward
2023-05-31,0.057102873581919664,21,-0.042153363777972075,XGBoost,walk_forward
2023-06-30,0.030122700704707146,21,-0.01330043623404542,XGBoost,walk_forward
2023-07-31,-0.012752546747907066,21,-0.025883368547110264,XGBoost,walk_forward
2023-08-31,-0.045265882720360855,21,-0.06997761774240974,XGBoost,walk_forward
2023-09-30,-0.004156267121267633,21,-0.07384303919182988,XGBoost,walk_forward
2023-10-31,0.08131009485929816,21,0.00146287114608179,XGBoost,walk_forward
2023-11-30,0.07010450008629013,21,0.0716699250827586,XGBoost,walk_forward
2023-12-31,0.0008078483102003028,21,0.0725356718208292,XGBoost,walk_forward
2024-01-31,0.0778512421524003,21,0.15603390612483992,XGBoost,walk_forward
2024-02-29,0.027413569243321813,21,0.1877249216580208,XGBoost,walk_forward
2024-03-31,-0.047438413772943715,21,0.1313811353759704,XGBoost,walk_forward
2024-04-30,0.05274704809317318,21,0.19105815053535546,XGBoost,walk_forward
2024-05-31,0.015513537655413422,21,0.20953567600347278,XGBoost,walk_forward
2024-06-30,0.01013397244710208,21,0.2217930772178791,XGBoost,walk_forward
2024-07-31,0.028269436008391206,21,0.25633247842978535,XGBoost,walk_forward
2024-08-31,0.06451276365404639,21,0.33738195868162846,XGBoost,walk_forward
2024-09-30,0.005667697931952987,21,0.3449618356430795,XGBoost,walk_forward
2024-10-31,0.04675046822894103,21,0.40783943120944954,XGBoost,walk_forward
2024-11-30,-0.024770242072132267,21,0.3729669076996984,XGBoost,walk_forward
2024-12-31,0.03999009737915841,21,0.42787198803697146,XGBoost,walk_forward
2025-01-31,0.02472257233263898,21,0.4631726565429646,XGBoost,walk_forward
2025-02-28,-0.0366577116190116,21,0.4095360952505893,XGBoost,walk_forward
2025-03-31,-0.03856461882537181,21,0.3551778730166475,XGBoost,walk_forward
2025-04-30,0.042145567085420964,21,0.41229261297654873,XGBoost,walk_forward
2025-05-31,0.06965913818728532,21,0.5106716992647644,XGBoost,walk_forward
2025-06-30,0.013987559018690013,21,0.531802308816095,XGBoost,walk_forward
2025-07-31,0.051999015196838645,21,0.6114545203507755,XGBoost,walk_forward
2025-08-31,0.0765233685145277,21,0.7347684484559793,XGBoost,walk_forward
2025-09-30,0.05966487977472665,21,0.8382731993700943,XGBoost,walk_forward
2025-10-31,0.0019373248460591373,21,0.8418345317130786,XGBoost,walk_forward
2025-11-30,0.014094439520754806,21,0.8677941571275463,XGBoost,walk_forward
