YearMonth,monthly_return,picks,cumulative_return,model_name,evaluation_name,benchmark_monthly_return,benchmark_cumulative_return,benchmark_symbol,excess_monthly_return,excess_cumulative_return
2021-12-31,-0.062314880263776996,21,-0.06231488026377696,L1 Logistic Regression,walk_forward,,,SPY,,
2022-01-31,-0.025182235174288324,21,-0.08592788746840518,L1 Logistic Regression,walk_forward,-0.052741465028056655,-0.052741465028056655,SPY,0.02755922985376833,-0.03318642244034853
2022-02-28,0.04461619727978941,21,-0.0451454657677417,L1 Logistic Regression,walk_forward,-0.02951699662704188,-0.08070169200976018,SPY,0.07413319390683129,0.035556226242018485
2022-03-31,-0.1033678922140583,21,-0.1438467663423666,L1 Logistic Regression,walk_forward,0.03759048484786076,-0.04614482289258903,SPY,-0.14095837706191905,-0.09770194344977756
2022-04-30,0.008949987442323084,21,-0.1361842056524264,L1 Logistic Regression,walk_forward,-0.08776907143821644,-0.12986380607384196,SPY,0.09671905888053953,-0.006320399578584435
2022-05-31,-0.0828908352824539,21,-0.20778661837607315,L1 Logistic Regression,walk_forward,0.002257283687025602,-0.12789966183780188,SPY,-0.0851481189694795,-0.07988695653827127
2022-06-30,0.06388026466112526,21,-0.1571798178898517,L1 Logistic Regression,walk_forward,-0.08246041097082257,-0.19981341413045006,SPY,0.14634067563194783,0.04263359624059837
2022-07-31,-0.0362860615495234,21,-0.18776244289308108,L1 Logistic Regression,walk_forward,0.0920875010608091,-0.1261262310553427,SPY,-0.1283735626103325,-0.061636211837738375
2022-08-31,-0.07829412846256513,21,-0.25135587453133024,L1 Logistic Regression,walk_forward,-0.040802066225756106,-0.16178208644877368,SPY,-0.03749206223680902,-0.08957378808255656
2022-09-30,0.1131452783866878,21,-0.16665032654261924,L1 Logistic Regression,walk_forward,-0.09244589473800535,-0.23927189145244077,SPY,0.20559117312469316,0.07262156490982152
2022-10-31,0.07383348169203975,21,-0.10512121868433633,L1 Logistic Regression,walk_forward,0.0812756725414594,-0.17744320280904557,SPY,-0.007442190849419647,0.07232198412470925
2022-11-30,-0.05412516500323662,21,-0.15355668038094195,L1 Logistic Regression,walk_forward,0.0555914101901025,-0.13171611049174625,SPY,-0.10971657519333912,-0.021840569889195693
2022-12-31,0.06599853510899399,21,-0.09769266123329012,L1 Logistic Regression,walk_forward,-0.05762810704262211,-0.18175366741971222,SPY,0.1236266421516161,0.0840610061864221
2023-01-31,-0.03484439482973634,21,-0.12913301440304603,L1 Logistic Regression,walk_forward,0.0628872752826315,-0.13029638505373198,SPY,-0.09773167011236783,0.0011633706506859465
2023-02-28,-0.009121128804049614,21,-0.13707630434987028,L1 Logistic Regression,walk_forward,-0.025142657011209768,-0.15216304474573528,SPY,0.016021528207160154,0.015086740395864995
2023-03-31,-0.01625099934569988,21,-0.1510996767632694,L1 Logistic Regression,walk_forward,0.037077618689013825,-0.1207272694083632,SPY,-0.053328618034713705,-0.030372407354906206
2023-04-30,0.08790399918148666,21,-0.07647794344430403,L1 Logistic Regression,walk_forward,0.01597508263274272,-0.10668081488044445,SPY,0.07192891654874393,0.03020287143614042
2023-05-31,0.07248160555839571,21,-0.009539582016555692,L1 Logistic Regression,walk_forward,0.0046161570452569745,-0.10255711323039163,SPY,0.06786544851313873,0.09301753121383594
2023-06-30,0.06165407069488891,21,0.05152633461428491,L1 Logistic Regression,walk_forward,0.06479979732844532,-0.044402996053866106,SPY,-0.00314572663355641,0.09592933066815101
2023-07-31,-0.014131450159401033,21,0.036666742625385496,L1 Logistic Regression,walk_forward,0.0327332535032574,-0.013123197076744031,SPY,-0.04686470366265843,0.049789939702129526
2023-08-31,-0.04718796002657861,21,-0.012251446186504755,L1 Logistic Regression,walk_forward,-0.01625200729296028,-0.029161926075106148,SPY,-0.03093595273361833,0.016910479888601393
2023-09-30,-0.017464569111729535,21,-0.02950204906959142,L1 Logistic Regression,walk_forward,-0.04743437869753986,-0.07521302692764975,SPY,0.029969809585810324,0.04571097785805833
2023-10-31,0.11570655428207982,21,0.0827909247703853,L1 Logistic Regression,walk_forward,-0.021708632309322184,-0.09528888729052842,SPY,0.137415186591402,0.17807981206091372
2023-11-30,0.07104146709645748,21,0.15971398062480335,L1 Logistic Regression,walk_forward,0.09134379826764238,-0.012649137920700215,SPY,-0.020302331171184906,0.17236311854550357
2023-12-31,0.0012926667574500936,21,0.161213104335707,L1 Logistic Regression,walk_forward,0.04565521208228396,0.03242857508715602,SPY,-0.044362545324833864,0.128784529248551
2024-01-31,0.07323927057879857,21,0.24625950508379657,L1 Logistic Regression,walk_forward,0.015926565688638927,0.04887161660710948,SPY,0.057312704890159646,0.1973878884766871
2024-02-29,0.026727243418841806,21,0.2795685862392163,L1 Logistic Regression,walk_forward,0.052186826731802416,0.1036088979268901,SPY,-0.02545958331296061,0.17595968831232622
2024-03-31,-0.06550479274144497,21,0.19575071119915277,L1 Logistic Regression,walk_forward,0.0327017414447861,0.13969883076306067,SPY,-0.09820653418623107,0.056051880436092105
2024-04-30,0.05334543853582577,21,0.2595385572675972,L1 Logistic Regression,walk_forward,-0.04031942187556958,0.09374683279443152,SPY,0.09366486041139535,0.1657917244731657
2024-05-31,0.0635873141973333,21,0.33962923125222777,L1 Logistic Regression,walk_forward,0.05057978303253763,0.14906831028969902,SPY,0.013007531164795666,0.19056092096252875
2024-06-30,-0.025654181255014025,21,0.30526214013916797,L1 Logistic Regression,walk_forward,0.03528001000575576,0.1896074517740165,SPY,-0.06093419126076978,0.11565468836515147
2024-07-31,0.058245626163312775,21,0.3812879507988396,L1 Logistic Regression,walk_forward,0.01210903294121879,0.2040124475946674,SPY,0.046136593222093986,0.17727550320417218
2024-08-31,0.08876947973352976,21,0.5039041635534458,L1 Logistic Regression,walk_forward,0.023365777064432658,0.23214513402796633,SPY,0.0654037026690971,0.2717590295254795
2024-09-30,0.0008701058055472909,21,0.5052127192971405,L1 Logistic Regression,walk_forward,0.021004643449419547,0.2580259032461609,SPY,-0.020134537643872255,0.24718681605097959
2024-10-31,0.06696586563509167,21,0.606010592009824,L1 Logistic Regression,walk_forward,-0.008923564267063977,0.24679982824891256,SPY,0.07588942990215565,0.35921076376091143
2024-11-30,-0.04307056895768394,21,0.5368388020598942,L1 Logistic Regression,walk_forward,0.05963347157489407,0.3211508303663768,SPY,-0.102704040532578,0.2156879716935174
2024-12-31,0.06168877455151115,21,0.6316445044421815,L1 Logistic Regression,walk_forward,-0.024060105720770997,0.28936380171467735,SPY,0.08574888027228214,0.3422807027275041
2025-01-31,0.010997043703735514,21,0.6495877703664918,L1 Logistic Regression,walk_forward,0.02685632191072962,0.3239913710335689,SPY,-0.015859278206994107,0.32559639933292295
2025-02-28,-0.04316092614175383,21,0.5783900344453634,L1 Logistic Regression,walk_forward,-0.012694832821118496,0.3071835219216943,SPY,-0.030466093320635337,0.2712065125236691
2025-03-31,-0.0008610623646972996,21,0.5770309421898892,L1 Logistic Regression,walk_forward,-0.05571921433503624,0.23434828308851197,SPY,0.054858151970338935,0.3426826591013772
2025-04-30,0.102502170892358,21,0.7386800373287734,L1 Logistic Regression,walk_forward,-0.008670179898342067,0.223646261416925,SPY,0.11117235079070006,0.5150337759118484
2025-05-31,0.09021364890405335,21,0.8955327077728377,L1 Logistic Regression,walk_forward,0.06284486771162645,0.300546148841498,SPY,0.027368781192426903,0.5949865589313397
2025-06-30,0.03554553766559056,21,0.9629104370333361,L1 Logistic Regression,walk_forward,0.05138627117156358,0.36737636591699996,SPY,-0.015840733505973023,0.5955340711163362
2025-07-31,0.04725972472465931,21,1.0556770439466923,L1 Logistic Regression,walk_forward,0.023031441524578256,0.3988690147307077,SPY,0.024228283200081052,0.6568080292159846
2025-08-31,0.12485675354400479,21,1.3123422059888128,L1 Logistic Regression,walk_forward,0.020519537835420598,0.42757316040527193,SPY,0.10433721570858419,0.8847690455835409
2025-09-30,0.07253514186635773,21,1.4800682759437782,L1 Logistic Regression,walk_forward,0.035620412937162005,0.4784239058769171,SPY,0.03691472892919573,1.0016443700668611
2025-10-31,-0.020520445925391033,21,1.4291761689959963,L1 Logistic Regression,walk_forward,0.02383732196113164,0.513665572516339,SPY,-0.044357767886522674,0.9155105964796573
2025-11-30,0.03680327929578496,21,1.5185778180022207,L1 Logistic Regression,walk_forward,0.0019500340229998692,0.5166172718821895,SPY,0.03485324527278509,1.0019605461200312
2021-12-31,-0.06263013940851091,21,-0.06263013940851092,Logistic Regression,walk_forward,,,SPY,,
2022-01-31,-0.030967187253192727,21,-0.09165784740694671,Logistic Regression,walk_forward,-0.052741465028056655,-0.052741465028056655,SPY,0.021774277774863928,-0.03891638237889006
2022-02-28,0.05384812416305664,21,-0.04274532639157791,Logistic Regression,walk_forward,-0.02951699662704188,-0.08070169200976018,SPY,0.08336512079009853,0.037956365618182275
2022-03-31,-0.1033678922140583,21,-0.14169472431453678,Logistic Regression,walk_forward,0.03759048484786076,-0.04614482289258903,SPY,-0.14095837706191905,-0.09554990142194775
2022-04-30,0.026114688598196142,21,-0.11928034931782194,Logistic Regression,walk_forward,-0.08776907143821644,-0.12986380607384196,SPY,0.11388376003641258,0.010583456756020015
2022-05-31,-0.09111217288758576,21,-0.19952463039627066,Logistic Regression,walk_forward,0.002257283687025602,-0.12789966183780188,SPY,-0.09336945657461136,-0.07162496855846878
2022-06-30,0.07172165324803095,21,-0.14211321350396255,Logistic Regression,walk_forward,-0.08246041097082257,-0.19981341413045006,SPY,0.15418206421885353,0.05770020062648751
2022-07-31,-0.0362860615495234,21,-0.17324254624128066,Logistic Regression,walk_forward,0.0920875010608091,-0.1261262310553427,SPY,-0.1283735626103325,-0.04711631518593795
2022-08-31,-0.07766085053973096,21,-0.23744923329024503,Logistic Regression,walk_forward,-0.040802066225756106,-0.16178208644877368,SPY,-0.03685878431397485,-0.07566714684147136
2022-09-30,0.11177377202469034,21,-0.1522160577347761,Logistic Regression,walk_forward,-0.09244589473800535,-0.23927189145244077,SPY,0.2042196667626957,0.08705583371766468
2022-10-31,0.07703451383397183,21,-0.08690743390612654,Logistic Regression,walk_forward,0.0812756725414594,-0.17744320280904557,SPY,-0.004241158707487563,0.09053576890291903
2022-11-30,-0.05754234571467499,21,-0.13944892201379988,Logistic Regression,walk_forward,0.0555914101901025,-0.13171611049174625,SPY,-0.11313375590477748,-0.007732811522053629
2022-12-31,0.06599853510899399,21,-0.08265381148024498,Logistic Regression,walk_forward,-0.05762810704262211,-0.18175366741971222,SPY,0.1236266421516161,0.09909985593946724
2023-01-31,-0.03590487121691014,21,-0.11559100824037016,Logistic Regression,walk_forward,0.0628872752826315,-0.13029638505373198,SPY,-0.09879214649954163,0.014705376813361815
2023-02-28,-0.009121128804049614,21,-0.12365781656966934,Logistic Regression,walk_forward,-0.025142657011209768,-0.15216304474573528,SPY,0.016021528207160154,0.028505228176065933
2023-03-31,-0.01625099934569988,21,-0.1378992528192048,Logistic Regression,walk_forward,0.037077618689013825,-0.1207272694083632,SPY,-0.053328618034713705,-0.017171983410841585
2023-04-30,0.08790399918148666,21,-0.062117149444665065,Logistic Regression,walk_forward,0.01597508263274272,-0.10668081488044445,SPY,0.07192891654874393,0.04456366543577939
2023-05-31,0.07248160555839571,21,0.0058621053892704555,Logistic Regression,walk_forward,0.0046161570452569745,-0.10255711323039163,SPY,0.06786544851313873,0.10841921861966208
2023-06-30,0.06165407069488891,21,0.06787759874425037,Logistic Regression,walk_forward,0.06479979732844532,-0.044402996053866106,SPY,-0.00314572663355641,0.11228059479811647
2023-07-31,-0.015045801989142975,21,0.05181052384490292,Logistic Regression,walk_forward,0.0327332535032574,-0.013123197076744031,SPY,-0.04777905549240037,0.06493372092164695
2023-08-31,-0.04718796002657861,21,0.0021777308901749226,Logistic Regression,walk_forward,-0.01625200729296028,-0.029161926075106148,SPY,-0.03093595273361833,0.03133965696528107
2023-09-30,-0.017464569111729535,21,-0.015324871353192826,Logistic Regression,walk_forward,-0.04743437869753986,-0.07521302692764975,SPY,0.029969809585810324,0.059888155574456925
2023-10-31,0.11492473963405982,21,0.09783866143067588,Logistic Regression,walk_forward,-0.021708632309322184,-0.09528888729052842,SPY,0.136633371943382,0.1931275487212043
2023-11-30,0.07118606505686034,21,0.1759894758052165,Logistic Regression,walk_forward,0.09134379826764238,-0.012649137920700215,SPY,-0.02015773321078204,0.18863861372591673
2023-12-31,-0.0009041319577809189,21,0.17492622613812703,Logistic Regression,walk_forward,0.04565521208228396,0.03242857508715602,SPY,-0.04655934404006488,0.142497651050971
2024-01-31,0.0704501102777501,21,0.2576999083377789,Logistic Regression,walk_forward,0.015926565688638927,0.04887161660710948,SPY,0.05452354458911117,0.2088282917306694
2024-02-29,0.026727243418841806,21,0.2913147599357775,Logistic Regression,walk_forward,0.052186826731802416,0.1036088979268901,SPY,-0.02545958331296061,0.1877058620088874
2024-03-31,-0.06550479274144497,21,0.20672745422221572,Logistic Regression,walk_forward,0.0327017414447861,0.13969883076306067,SPY,-0.09820653418623107,0.06702862345915506
2024-04-30,0.054756570376832424,21,0.27280371099499034,Logistic Regression,walk_forward,-0.04031942187556958,0.09374683279443152,SPY,0.09507599225240201,0.17905687820055882
2024-05-31,0.05529827693030157,21,0.34318756308350684,Logistic Regression,walk_forward,0.05057978303253763,0.14906831028969902,SPY,0.004718493897763944,0.19411925279380782
2024-06-30,-0.025654181255014025,21,0.308729185880682,Logistic Regression,walk_forward,0.03528001000575576,0.1896074517740165,SPY,-0.06093419126076978,0.11912173410666549
2024-07-31,0.058245626163312775,21,0.384956936790505,Logistic Regression,walk_forward,0.01210903294121879,0.2040124475946674,SPY,0.046136593222093986,0.1809444891958376
2024-08-31,0.08876947973352976,21,0.5078988435227412,Logistic Regression,walk_forward,0.023365777064432658,0.23214513402796633,SPY,0.0654037026690971,0.27575370949477485
2024-09-30,0.0008701058055472909,21,0.5092108750606685,Logistic Regression,walk_forward,0.021004643449419547,0.2580259032461609,SPY,-0.020134537643872255,0.2511849718145076
2024-10-31,0.0722528322196535,21,0.6182556352005033,Logistic Regression,walk_forward,-0.008923564267063977,0.24679982824891256,SPY,0.08117639648671748,0.37145580695159075
2024-11-30,-0.04307056895768394,21,0.5485564442734394,Logistic Regression,walk_forward,0.05963347157489407,0.3211508303663768,SPY,-0.102704040532578,0.2274056139070626
2024-12-31,0.05436126687996255,21,0.6327379344192736,Logistic Regression,walk_forward,-0.024060105720770997,0.28936380171467735,SPY,0.07842137260073355,0.34337413270459627
2025-01-31,0.010997043703735514,21,0.650693224840829,Logistic Regression,walk_forward,0.02685632191072962,0.3239913710335689,SPY,-0.015859278206994107,0.32670185380726013
2025-02-28,-0.04867748348493807,21,0.5703416326499404,Logistic Regression,walk_forward,-0.012694832821118496,0.3071835219216943,SPY,-0.035982650663819574,0.26315811072824613
2025-03-31,-0.0008610623646972996,21,0.5689894705703482,Logistic Regression,walk_forward,-0.05571921433503624,0.23434828308851197,SPY,0.054858151970338935,0.33464118748183624
2025-04-30,0.09810409255352391,21,0.7229137588066861,Logistic Regression,walk_forward,-0.008670179898342067,0.223646261416925,SPY,0.10677427245186598,0.49926749738976106
2025-05-31,0.08765837741985731,21,0.8739415833380277,Logistic Regression,walk_forward,0.06284486771162645,0.300546148841498,SPY,0.02481350970823086,0.5733954344965297
2025-06-30,0.024672627773595288,21,0.9201766464931889,Logistic Regression,walk_forward,0.05138627117156358,0.36737636591699996,SPY,-0.026713643397968292,0.5528002805761889
2025-07-31,0.05234848923044834,21,1.0206949929926963,Logistic Regression,walk_forward,0.023031441524578256,0.3988690147307077,SPY,0.029317047705870083,0.6218259782619886
2025-08-31,0.12485675354400479,21,1.27299240972039,Logistic Regression,walk_forward,0.020519537835420598,0.42757316040527193,SPY,0.10433721570858419,0.845419249315118
2025-09-30,0.07253514186635773,21,1.4378642366206127,Logistic Regression,walk_forward,0.035620412937162005,0.4784239058769171,SPY,0.03691472892919573,0.9594403307436956
2025-10-31,-0.020520445925391033,21,1.3878381753795948,Logistic Regression,walk_forward,0.02383732196113164,0.513665572516339,SPY,-0.044357767886522674,0.8741726028632557
2025-11-30,0.03680327929578496,21,1.475718450661227,Logistic Regression,walk_forward,0.0019500340229998692,0.5166172718821895,SPY,0.03485324527278509,0.9591011787790376
2021-12-31,-0.07079150097332897,21,-0.07079150097332898,Random Forest,walk_forward,,,SPY,,
2022-01-31,-0.03669059992764577,21,-0.10488471826048484,Random Forest,walk_forward,-0.052741465028056655,-0.052741465028056655,SPY,0.016050865100410885,-0.05214325323242819
2022-02-28,0.03620816789607004,21,-0.07247423385292251,Random Forest,walk_forward,-0.02951699662704188,-0.08070169200976018,SPY,0.06572516452311192,0.008227458156837675
2022-03-31,-0.11193902840822505,21,-0.17630056693902085,Random Forest,walk_forward,0.03759048484786076,-0.04614482289258903,SPY,-0.14952951325608582,-0.13015574404643182
2022-04-30,0.02034740455204881,21,-0.15954042134523583,Random Forest,walk_forward,-0.08776907143821644,-0.12986380607384196,SPY,0.10811647599026525,-0.02967661527139387
2022-05-31,-0.08406989783781212,21,-0.2301977722595525,Random Forest,walk_forward,0.002257283687025602,-0.12789966183780188,SPY,-0.08632718152483772,-0.10229811042175063
2022-06-30,0.06686871006929851,21,-0.17872209028207653,Random Forest,walk_forward,-0.08246041097082257,-0.19981341413045006,SPY,0.14932912104012108,0.021091323848373533
2022-07-31,-0.025393514003187616,21,-0.19957722238300724,Random Forest,walk_forward,0.0920875010608091,-0.1261262310553427,SPY,-0.11748101506399672,-0.07345099132766453
2022-08-31,-0.10060275243754202,21,-0.2801019569249793,Random Forest,walk_forward,-0.040802066225756106,-0.16178208644877368,SPY,-0.059800686211785914,-0.11831987047620562
2022-09-30,0.06516177714170161,21,-0.23319212107737763,Random Forest,walk_forward,-0.09244589473800535,-0.23927189145244077,SPY,0.15760767187970698,0.0060797703750631316
2022-10-31,0.050565665576650896,21,-0.19441797031023533,Random Forest,walk_forward,0.0812756725414594,-0.17744320280904557,SPY,-0.030710006964808502,-0.016974767501189758
2022-11-30,-0.032017911672300746,21,-0.220211024581635,Random Forest,walk_forward,0.0555914101901025,-0.13171611049174625,SPY,-0.08760932186240325,-0.08849491408988874
2022-12-31,0.09127257682510587,21,-0.1490376754153916,Random Forest,walk_forward,-0.05762810704262211,-0.18175366741971222,SPY,0.14890068386772798,0.032715992004320626
2023-01-31,-0.026532963263210238,21,-0.17161622751197092,Random Forest,walk_forward,0.0628872752826315,-0.13029638505373198,SPY,-0.08942023854584173,-0.04131984245823894
2023-02-28,0.06852777674299006,21,-0.1148489292933953,Random Forest,walk_forward,-0.025142657011209768,-0.15216304474573528,SPY,0.09367043375419982,0.03731411545233998
2023-03-31,0.004072586485440167,21,-0.11124407500526279,Random Forest,walk_forward,0.037077618689013825,-0.1207272694083632,SPY,-0.03300503220357366,0.009483194403100415
2023-04-30,0.08184826888553262,21,-0.038500941082683204,Random Forest,walk_forward,0.01597508263274272,-0.10668081488044445,SPY,0.0658731862527899,0.06817987379776125
2023-05-31,0.06330978776320526,21,0.02237136027189357,Random Forest,walk_forward,0.0046161570452569745,-0.10255711323039163,SPY,0.05869363071794828,0.1249284735022852
2023-06-30,0.03975295158667739,21,0.06301363946038774,Random Forest,walk_forward,0.06479979732844532,-0.044402996053866106,SPY,-0.02504684574176793,0.10741663551425384
2023-07-31,-0.029864568609233415,21,0.03126719569217218,Random Forest,walk_forward,0.0327332535032574,-0.013123197076744031,SPY,-0.06259782211249082,0.04439039276891621
2023-08-31,-0.03703433217833515,21,-0.006925096197711866,Random Forest,walk_forward,-0.01625200729296028,-0.029161926075106148,SPY,-0.02078232488537487,0.022236829877394282
2023-09-30,-0.01627849085009462,21,-0.023090856932715953,Random Forest,walk_forward,-0.04743437869753986,-0.07521302692764975,SPY,0.03115588784744524,0.0521221699949338
2023-10-31,0.08473369352169076,21,0.05968626299448476,Random Forest,walk_forward,-0.021708632309322184,-0.09528888729052842,SPY,0.10644232583101294,0.15497515028501319
2023-11-30,0.07832602747836759,21,0.14268727834823958,Random Forest,walk_forward,0.09134379826764238,-0.012649137920700215,SPY,-0.013017770789274796,0.1553364162689398
2023-12-31,-0.01207251877363588,21,0.12889216472798548,Random Forest,walk_forward,0.04565521208228396,0.03242857508715602,SPY,-0.05772773085591984,0.09646358964082946
2024-01-31,0.07788016247045315,21,0.2168104699286224,Random Forest,walk_forward,0.015926565688638927,0.04887161660710948,SPY,0.061953596781814224,0.16793885332151293
2024-02-29,0.03300488098568337,21,0.25697115467075005,Random Forest,walk_forward,0.052186826731802416,0.1036088979268901,SPY,-0.019181945746119047,0.15336225674385995
2024-03-31,-0.06809745565188884,21,0.17137461720985514,Random Forest,walk_forward,0.0327017414447861,0.13969883076306067,SPY,-0.10079919709667494,0.031675786446794474
2024-04-30,0.06487883708006559,21,0.2473720401595374,Random Forest,walk_forward,-0.04031942187556958,0.09374683279443152,SPY,0.10519825895563517,0.15362520736510588
2024-05-31,0.03218421850945844,21,0.28751773446262097,Random Forest,walk_forward,0.05057978303253763,0.14906831028969902,SPY,-0.018395564523079187,0.13844942417292194
2024-06-30,0.009586865902121594,21,0.2998609943295176,Random Forest,walk_forward,0.03528001000575576,0.1896074517740165,SPY,-0.025693144103634165,0.11025354255550113
2024-07-31,0.0510978666566494,21,0.36628111808994723,Random Forest,walk_forward,0.01210903294121879,0.2040124475946674,SPY,0.03898883371543061,0.16226867049527982
2024-08-31,0.0736598231889118,21,0.46692114367480153,Random Forest,walk_forward,0.023365777064432658,0.23214513402796633,SPY,0.050294046124479144,0.2347760096468352
2024-09-30,-0.002624139358632604,21,0.46307173816567415,Random Forest,walk_forward,0.021004643449419547,0.2580259032461609,SPY,-0.02362878280805215,0.20504583491951323
2024-10-31,0.10084437883436011,21,0.610614298791099,Random Forest,walk_forward,-0.008923564267063977,0.24679982824891256,SPY,0.10976794310142408,0.3638144705421864
2024-11-30,-0.028806840637755092,21,0.5642175893569341,Random Forest,walk_forward,0.05963347157489407,0.3211508303663768,SPY,-0.08844031221264917,0.2430667589905573
2024-12-31,0.05060720336281561,21,0.6433782670052135,Random Forest,walk_forward,-0.024060105720770997,0.28936380171467735,SPY,0.0746673090835866,0.35401446529053615
2025-01-31,0.0027227376224307097,21,0.6478527548406738,Random Forest,walk_forward,0.02685632191072962,0.3239913710335689,SPY,-0.02413358428829891,0.32386138380710494
2025-02-28,-0.020624245928163514,21,0.6138670343714381,Random Forest,walk_forward,-0.012694832821118496,0.3071835219216943,SPY,-0.007929413107045018,0.3066835124497438
2025-03-31,-0.017801470058234764,21,0.5851378286811029,Random Forest,walk_forward,-0.05571921433503624,0.23434828308851197,SPY,0.037917744276801474,0.3507895455925909
2025-04-30,0.059237686988116364,21,0.6790377272095365,Random Forest,walk_forward,-0.008670179898342067,0.223646261416925,SPY,0.06790786688645843,0.45539146579261147
2025-05-31,0.0695087584468435,21,0.7957455550132813,Random Forest,walk_forward,0.06284486771162645,0.300546148841498,SPY,0.006663890735217046,0.49519940617178326
2025-06-30,0.0002002625727630288,21,0.7961051756381561,Random Forest,walk_forward,0.05138627117156358,0.36737636591699996,SPY,-0.05118600859880055,0.4287288097211561
2025-07-31,0.04853400394401668,21,0.8832773513164471,Random Forest,walk_forward,0.023031441524578256,0.3988690147307077,SPY,0.025502562419438428,0.48440833658573945
2025-08-31,0.11516808535578,21,1.100170798061467,Random Forest,walk_forward,0.020519537835420598,0.42757316040527193,SPY,0.09464854752035941,0.6725976376561951
2025-09-30,0.08451187715320466,21,1.2776601745479859,Random Forest,walk_forward,0.035620412937162005,0.4784239058769171,SPY,0.04889146421604265,0.7992362686710688
2025-10-31,-0.014859058416338304,21,1.2438162889618103,Random Forest,walk_forward,0.02383732196113164,0.513665572516339,SPY,-0.03869638037746995,0.7301507164454712
2025-11-30,0.03313497296660585,21,1.31816508103859,Random Forest,walk_forward,0.0019500340229998692,0.5166172718821895,SPY,0.03118493894360598,0.8015478091564006
2021-12-31,-0.056781473267059596,21,-0.05678147326705962,XGBoost,walk_forward,,,SPY,,
2022-01-31,-0.04328684152641431,21,-0.09761042415852639,XGBoost,walk_forward,-0.052741465028056655,-0.052741465028056655,SPY,0.009454623501642348,-0.04486895913046973
2022-02-28,0.050601400629885246,21,-0.051948247707139794,XGBoost,walk_forward,-0.02951699662704188,-0.08070169200976018,SPY,0.08011839725692713,0.02875344430262039
2022-03-31,-0.08524218715887522,21,-0.1327622526123874,XGBoost,walk_forward,0.03759048484786076,-0.04614482289258903,SPY,-0.12283267200673598,-0.08661742971979836
2022-04-30,0.010940612910863866,21,-0.12327414011653004,XGBoost,walk_forward,-0.08776907143821644,-0.12986380607384196,SPY,0.09870968434908031,0.006589665957311919
2022-05-31,-0.06517785401214157,21,-0.1804172502206841,XGBoost,walk_forward,0.002257283687025602,-0.12789966183780188,SPY,-0.06743513769916717,-0.05251758838288223
2022-06-30,0.06721416760004002,21,-0.12532967791491556,XGBoost,walk_forward,-0.08246041097082257,-0.19981341413045006,SPY,0.14967457857086258,0.0744837362155345
2022-07-31,-0.04301952774660719,21,-0.16295758210498867,XGBoost,walk_forward,0.0920875010608091,-0.1261262310553427,SPY,-0.1351070288074163,-0.036831351049645966
2022-08-31,-0.11471543574259169,21,-0.2589792678088474,XGBoost,walk_forward,-0.040802066225756106,-0.16178208644877368,SPY,-0.07391336951683558,-0.09719718136007371
2022-09-30,0.08202586436575968,21,-0.19819640173791997,XGBoost,walk_forward,-0.09244589473800535,-0.23927189145244077,SPY,0.17447175910376503,0.041075489714520796
2022-10-31,0.045943251213240166,21,-0.1613589375992852,XGBoost,walk_forward,0.0812756725414594,-0.17744320280904557,SPY,-0.03533242132821923,0.016084265209760362
2022-11-30,-0.037006836470965795,21,-0.19239439025338545,XGBoost,walk_forward,0.0555914101901025,-0.13171611049174625,SPY,-0.09259824666106829,-0.0606782797616392
2022-12-31,0.08415108367953572,21,-0.12443350300753575,XGBoost,walk_forward,-0.05762810704262211,-0.18175366741971222,SPY,0.14177919072215783,0.057320164412176466
2023-01-31,-0.03608690185037483,21,-0.1560299852479794,XGBoost,walk_forward,0.0628872752826315,-0.13029638505373198,SPY,-0.09897417713300632,-0.02573360019424742
2023-02-28,0.04913138335601866,21,-0.11456457091221306,XGBoost,walk_forward,-0.025142657011209768,-0.15216304474573528,SPY,0.07427404036722843,0.03759847383352222
2023-03-31,0.006566464203844473,21,-0.10875039086229232,XGBoost,walk_forward,0.037077618689013825,-0.1207272694083632,SPY,-0.03051115448516935,0.01197687854607088
2023-04-30,0.01666851133678279,21,-0.09389458664847716,XGBoost,walk_forward,0.01597508263274272,-0.10668081488044445,SPY,0.0006934287040400687,0.01278622823196729
2023-05-31,0.057102873581919664,21,-0.042153363777972075,XGBoost,walk_forward,0.0046161570452569745,-0.10255711323039163,SPY,0.05248671653666269,0.06040374945241955
2023-06-30,0.030122700704707146,21,-0.01330043623404542,XGBoost,walk_forward,0.06479979732844532,-0.044402996053866106,SPY,-0.03467709662373818,0.031102559819820685
2023-07-31,-0.012752546747907066,21,-0.025883368547110264,XGBoost,walk_forward,0.0327332535032574,-0.013123197076744031,SPY,-0.045485800251164464,-0.012760171470366233
2023-08-31,-0.045265882720360855,21,-0.06997761774240974,XGBoost,walk_forward,-0.01625200729296028,-0.029161926075106148,SPY,-0.029013875427400575,-0.04081569166730359
2023-09-30,-0.004156267121267633,21,-0.07384303919182988,XGBoost,walk_forward,-0.04743437869753986,-0.07521302692764975,SPY,0.043278111576272225,0.0013699877358198664
2023-10-31,0.08131009485929816,21,0.00146287114608179,XGBoost,walk_forward,-0.021708632309322184,-0.09528888729052842,SPY,0.10301872716862034,0.09675175843661021
2023-11-30,0.07010450008629013,21,0.0716699250827586,XGBoost,walk_forward,0.09134379826764238,-0.012649137920700215,SPY,-0.021239298181352256,0.08431906300345882
2023-12-31,0.0008078483102003028,21,0.0725356718208292,XGBoost,walk_forward,0.04565521208228396,0.03242857508715602,SPY,-0.044847363772083655,0.040107096733673187
2024-01-31,0.0778512421524003,21,0.15603390612483992,XGBoost,walk_forward,0.015926565688638927,0.04887161660710948,SPY,0.061924676463761374,0.10716228951773044
2024-02-29,0.027413569243321813,21,0.1877249216580208,XGBoost,walk_forward,0.052186826731802416,0.1036088979268901,SPY,-0.024773257488480603,0.0841160237311307
2024-03-31,-0.047438413772943715,21,0.1313811353759704,XGBoost,walk_forward,0.0327017414447861,0.13969883076306067,SPY,-0.08014015521772982,-0.008317695387090263
2024-04-30,0.05274704809317318,21,0.19105815053535546,XGBoost,walk_forward,-0.04031942187556958,0.09374683279443152,SPY,0.09306646996874277,0.09731131774092394
2024-05-31,0.015513537655413422,21,0.20953567600347278,XGBoost,walk_forward,0.05057978303253763,0.14906831028969902,SPY,-0.0350662453771242,0.06046736571377376
2024-06-30,0.01013397244710208,21,0.2217930772178791,XGBoost,walk_forward,0.03528001000575576,0.1896074517740165,SPY,-0.025146037558653675,0.03218562544386261
2024-07-31,0.028269436008391206,21,0.25633247842978535,XGBoost,walk_forward,0.01210903294121879,0.2040124475946674,SPY,0.016160403067172417,0.05232003083511794
2024-08-31,0.06451276365404639,21,0.33738195868162846,XGBoost,walk_forward,0.023365777064432658,0.23214513402796633,SPY,0.04114698658961373,0.10523682465366213
2024-09-30,0.005667697931952987,21,0.3449618356430795,XGBoost,walk_forward,0.021004643449419547,0.2580259032461609,SPY,-0.01533694551746656,0.08693593239691855
2024-10-31,0.04675046822894103,21,0.40783943120944954,XGBoost,walk_forward,-0.008923564267063977,0.24679982824891256,SPY,0.055674032496005006,0.161039602960537
2024-11-30,-0.024770242072132267,21,0.3729669076996984,XGBoost,walk_forward,0.05963347157489407,0.3211508303663768,SPY,-0.08440371364702634,0.05181607733332161
2024-12-31,0.03999009737915841,21,0.42787198803697146,XGBoost,walk_forward,-0.024060105720770997,0.28936380171467735,SPY,0.0640502030999294,0.1385081863222941
2025-01-31,0.02472257233263898,21,0.4631726565429646,XGBoost,walk_forward,0.02685632191072962,0.3239913710335689,SPY,-0.0021337495780906386,0.13918128550939568
2025-02-28,-0.0366577116190116,21,0.4095360952505893,XGBoost,walk_forward,-0.012694832821118496,0.3071835219216943,SPY,-0.023962878797893106,0.10235257332889502
2025-03-31,-0.03856461882537181,21,0.3551778730166475,XGBoost,walk_forward,-0.05571921433503624,0.23434828308851197,SPY,0.01715459550966443,0.12082958992813553
2025-04-30,0.042145567085420964,21,0.41229261297654873,XGBoost,walk_forward,-0.008670179898342067,0.223646261416925,SPY,0.05081574698376303,0.18864635155962373
2025-05-31,0.06965913818728532,21,0.5106716992647644,XGBoost,walk_forward,0.06284486771162645,0.300546148841498,SPY,0.006814270475658871,0.21012555042326642
2025-06-30,0.013987559018690013,21,0.531802308816095,XGBoost,walk_forward,0.05138627117156358,0.36737636591699996,SPY,-0.03739871215287357,0.16442594289909507
2025-07-31,0.051999015196838645,21,0.6114545203507755,XGBoost,walk_forward,0.023031441524578256,0.3988690147307077,SPY,0.02896757367226039,0.21258550562006784
2025-08-31,0.0765233685145277,21,0.7347684484559793,XGBoost,walk_forward,0.020519537835420598,0.42757316040527193,SPY,0.05600383067910711,0.3071952880507074
2025-09-30,0.05966487977472665,21,0.8382731993700943,XGBoost,walk_forward,0.035620412937162005,0.4784239058769171,SPY,0.024044466837564643,0.3598492934931772
2025-10-31,0.0019373248460591373,21,0.8418345317130786,XGBoost,walk_forward,0.02383732196113164,0.513665572516339,SPY,-0.021899997115072505,0.3281689591967396
2025-11-30,0.014094439520754806,21,0.8677941571275463,XGBoost,walk_forward,0.0019500340229998692,0.5166172718821895,SPY,0.012144405497754937,0.35117688524535673
